customer_id,churned,customer_support_calls,churn_reason
CUST0001,Yes,3,Poor Service
CUST0002,Yes,3,Competitor Offer
CUST0003,No,1,N/A
CUST0004,Yes,2,Price
CUST0005,Yes,7,Competitor Offer
CUST0006,Yes,5,Poor Service
CUST0007,Yes,2,No Reason Given
CUST0008,No,2,N/A
CUST0009,No,2,N/A
CUST0010,No,1,N/A
CUST0011,No,1,N/A
CUST0012,No,2,N/A
CUST0013,No,1,N/A
CUST0014,Yes,5,Price
CUST0015,No,2,N/A
CUST0016,No,2,N/A
CUST0017,No,2,N/A
CUST0018,No,0,N/A
CUST0019,No,1,N/A
CUST0020,No,1,N/A
CUST0021,No,1,N/A
CUST0022,Yes,5,No Reason Given
CUST0023,No,2,N/A
CUST0024,No,2,N/A
CUST0025,No,1,N/A
CUST0026,Yes,7,Poor Service
CUST0027,No,0,N/A
CUST0028,No,1,N/A
CUST0029,No,0,N/A
CUST0030,No,0,N/A
CUST0031,No,1,N/A
CUST0032,Yes,2,No Reason Given
CUST0033,No,0,N/A
CUST0034,No,2,N/A
CUST0035,No,0,N/A
CUST0036,No,2,N/A
CUST0037,No,0,N/A
CUST0038,No,1,N/A
CUST0039,No,1,N/A
CUST0040,No,1,N/A
CUST0041,No,1,N/A
CUST0042,No,2,N/A
CUST0043,Yes,5,Moved
CUST0044,No,0,N/A
CUST0045,Yes,2,Price
CUST0046,No,2,N/A
CUST0047,No,2,N/A
CUST0048,No,1,N/A
CUST0049,No,0,N/A
CUST0050,No,1,N/A
CUST0051,Yes,7,Poor Service
CUST0052,Yes,7,No Reason Given
CUST0053,No,0,N/A
CUST0054,Yes,5,Competitor Offer
CUST0055,No,1,N/A
CUST0056,No,0,N/A
CUST0057,No,0,N/A
CUST0058,Yes,4,No Reason Given
CUST0059,No,0,N/A
CUST0060,No,2,N/A
CUST0061,No,0,N/A
CUST0062,No,2,N/A
CUST0063,No,0,N/A
CUST0064,No,2,N/A
CUST0065,Yes,4,Moved
CUST0066,No,0,N/A
CUST0067,Yes,5,No Reason Given
CUST0068,No,1,N/A
CUST0069,No,0,N/A
CUST0070,No,1,N/A
CUST0071,No,2,N/A
CUST0072,Yes,2,Moved
CUST0073,No,1,N/A
CUST0074,No,0,N/A
CUST0075,No,1,N/A
CUST0076,No,2,N/A
CUST0077,Yes,3,No Reason Given
CUST0078,No,1,N/A
CUST0079,No,1,N/A
CUST0080,No,0,N/A
CUST0081,Yes,6,No Reason Given
CUST0082,No,0,N/A
CUST0083,No,0,N/A
CUST0084,No,1,N/A
CUST0085,No,0,N/A
CUST0086,No,0,N/A
CUST0087,Yes,3,No Reason Given
CUST0088,No,2,N/A
CUST0089,Yes,7,Poor Service
CUST0090,No,1,N/A
CUST0091,No,1,N/A
CUST0092,No,1,N/A
CUST0093,Yes,3,Competitor Offer
CUST0094,Yes,6,Competitor Offer
CUST0095,No,0,N/A
CUST0096,No,2,N/A
CUST0097,No,0,N/A
CUST0098,No,1,N/A
CUST0099,No,0,N/A
CUST0100,No,2,N/A
CUST0101,No,1,N/A
CUST0102,No,0,N/A
CUST0103,Yes,2,No Reason Given
CUST0104,No,0,N/A
CUST0105,Yes,5,Moved
CUST0106,No,2,N/A
CUST0107,No,2,N/A
CUST0108,No,1,N/A
CUST0109,No,0,N/A
CUST0110,Yes,2,Moved
CUST0111,Yes,3,Competitor Offer
CUST0112,Yes,6,Price
CUST0113,Yes,7,Moved
CUST0114,No,1,N/A
CUST0115,No,1,N/A
CUST0116,Yes,5,Moved
CUST0117,No,2,N/A
CUST0118,No,1,N/A
CUST0119,No,0,N/A
CUST0120,No,0,N/A
CUST0121,No,0,N/A
CUST0122,No,1,N/A
CUST0123,No,2,N/A
CUST0124,No,2,N/A
CUST0125,Yes,3,Price
CUST0126,No,1,N/A
CUST0127,Yes,6,No Reason Given
CUST0128,No,2,N/A
CUST0129,Yes,6,Competitor Offer
CUST0130,Yes,5,Poor Service
CUST0131,No,2,N/A
CUST0132,No,0,N/A
CUST0133,No,2,N/A
CUST0134,No,1,N/A
CUST0135,No,0,N/A
CUST0136,Yes,6,Competitor Offer
CUST0137,No,2,N/A
CUST0138,No,2,N/A
CUST0139,No,0,N/A
CUST0140,Yes,3,Moved
CUST0141,No,0,N/A
CUST0142,Yes,7,No Reason Given
CUST0143,No,2,N/A
CUST0144,No,1,N/A
CUST0145,No,2,N/A
CUST0146,No,2,N/A
CUST0147,No,0,N/A
CUST0148,No,0,N/A
CUST0149,No,1,N/A
CUST0150,No,1,N/A
CUST0151,Yes,2,Moved
CUST0152,No,1,N/A
CUST0153,Yes,4,No Reason Given
CUST0154,No,0,N/A
CUST0155,Yes,5,Moved
CUST0156,No,2,N/A
CUST0157,Yes,3,No Reason Given
CUST0158,No,0,N/A
CUST0159,No,2,N/A
CUST0160,Yes,4,Moved
CUST0161,No,2,N/A
CUST0162,Yes,6,Moved
CUST0163,No,1,N/A
CUST0164,No,1,N/A
CUST0165,Yes,4,Competitor Offer
CUST0166,No,2,N/A
CUST0167,Yes,7,No Reason Given
CUST0168,Yes,7,Moved
CUST0169,No,1,N/A
CUST0170,No,2,N/A
CUST0171,No,2,N/A
CUST0172,No,2,N/A
CUST0173,Yes,7,Poor Service
CUST0174,No,2,N/A
CUST0175,No,2,N/A
CUST0176,Yes,4,Moved
CUST0177,No,2,N/A
CUST0178,Yes,5,Competitor Offer
CUST0179,No,2,N/A
CUST0180,No,2,N/A
CUST0181,No,2,N/A
CUST0182,No,0,N/A
CUST0183,Yes,4,Moved
CUST0184,No,1,N/A
CUST0185,Yes,2,Competitor Offer
CUST0186,No,0,N/A
CUST0187,Yes,2,Competitor Offer
CUST0188,Yes,6,Competitor Offer
CUST0189,No,1,N/A
CUST0190,No,0,N/A
CUST0191,Yes,7,Moved
CUST0192,No,1,N/A
CUST0193,No,2,N/A
CUST0194,No,2,N/A
CUST0195,Yes,2,Poor Service
CUST0196,No,1,N/A
CUST0197,No,1,N/A
CUST0198,No,2,N/A
CUST0199,No,2,N/A
CUST0200,No,1,N/A
CUST0201,Yes,6,Poor Service
CUST0202,No,0,N/A
CUST0203,No,2,N/A
CUST0204,Yes,7,Poor Service
CUST0205,No,2,N/A
CUST0206,No,1,N/A
CUST0207,No,1,N/A
CUST0208,No,0,N/A
CUST0209,Yes,2,Price
CUST0210,Yes,4,Moved
CUST0211,No,0,N/A
CUST0212,No,1,N/A
CUST0213,No,0,N/A
CUST0214,No,0,N/A
CUST0215,No,1,N/A
CUST0216,No,2,N/A
CUST0217,No,2,N/A
CUST0218,No,0,N/A
CUST0219,Yes,2,No Reason Given
CUST0220,No,1,N/A
CUST0221,Yes,3,Price
CUST0222,Yes,4,Moved
CUST0223,Yes,3,No Reason Given
CUST0224,No,2,N/A
CUST0225,No,1,N/A
CUST0226,No,1,N/A
CUST0227,No,1,N/A
CUST0228,No,2,N/A
CUST0229,No,0,N/A
CUST0230,Yes,2,No Reason Given
CUST0231,No,1,N/A
CUST0232,No,0,N/A
CUST0233,No,2,N/A
CUST0234,No,1,N/A
CUST0235,No,2,N/A
CUST0236,No,1,N/A
CUST0237,Yes,3,Competitor Offer
CUST0238,No,0,N/A
CUST0239,No,0,N/A
CUST0240,No,0,N/A
CUST0241,No,0,N/A
CUST0242,No,2,N/A
CUST0243,Yes,5,Moved
CUST0244,Yes,7,Price
CUST0245,No,0,N/A
CUST0246,No,1,N/A
CUST0247,No,2,N/A
CUST0248,No,0,N/A
CUST0249,Yes,6,No Reason Given
CUST0250,Yes,6,Price
CUST0251,No,2,N/A
CUST0252,No,1,N/A
CUST0253,No,2,N/A
CUST0254,No,0,N/A
CUST0255,Yes,2,Competitor Offer
CUST0256,No,0,N/A
CUST0257,Yes,5,No Reason Given
CUST0258,No,1,N/A
CUST0259,No,2,N/A
CUST0260,Yes,3,Moved
CUST0261,No,0,N/A
CUST0262,No,0,N/A
CUST0263,No,2,N/A
CUST0264,Yes,4,No Reason Given
CUST0265,No,2,N/A
CUST0266,No,0,N/A
CUST0267,No,2,N/A
CUST0268,Yes,7,Poor Service
CUST0269,Yes,6,No Reason Given
CUST0270,No,1,N/A
CUST0271,No,2,N/A
CUST0272,No,0,N/A
CUST0273,No,0,N/A
CUST0274,No,0,N/A
CUST0275,Yes,3,No Reason Given
CUST0276,No,0,N/A
CUST0277,No,2,N/A
CUST0278,No,1,N/A
CUST0279,No,2,N/A
CUST0280,No,0,N/A
CUST0281,No,2,N/A
CUST0282,Yes,6,Moved
CUST0283,Yes,7,Poor Service
CUST0284,No,0,N/A
CUST0285,Yes,5,No Reason Given
CUST0286,No,0,N/A
CUST0287,No,2,N/A
CUST0288,No,2,N/A
CUST0289,No,1,N/A
CUST0290,Yes,5,Moved
CUST0291,No,0,N/A
CUST0292,No,1,N/A
CUST0293,No,0,N/A
CUST0294,No,0,N/A
CUST0295,No,2,N/A
CUST0296,Yes,3,Competitor Offer
CUST0297,No,0,N/A
CUST0298,No,0,N/A
CUST0299,No,1,N/A
CUST0300,No,1,N/A
CUST0301,No,1,N/A
CUST0302,No,1,N/A
CUST0303,Yes,7,Poor Service
CUST0304,No,1,N/A
CUST0305,No,1,N/A
CUST0306,Yes,3,Price
CUST0307,Yes,6,Moved
CUST0308,No,0,N/A
CUST0309,Yes,3,No Reason Given
CUST0310,No,2,N/A
CUST0311,No,2,N/A
CUST0312,No,2,N/A
CUST0313,No,1,N/A
CUST0314,No,1,N/A
CUST0315,No,1,N/A
CUST0316,No,0,N/A
CUST0317,No,2,N/A
CUST0318,No,2,N/A
CUST0319,No,0,N/A
CUST0320,Yes,4,No Reason Given
CUST0321,Yes,5,Competitor Offer
CUST0322,Yes,3,Competitor Offer
CUST0323,No,1,N/A
CUST0324,No,0,N/A
CUST0325,No,1,N/A
CUST0326,No,0,N/A
CUST0327,Yes,6,Price
CUST0328,No,0,N/A
CUST0329,No,0,N/A
CUST0330,No,0,N/A
CUST0331,No,0,N/A
CUST0332,No,2,N/A
CUST0333,No,2,N/A
CUST0334,No,2,N/A
CUST0335,No,2,N/A
CUST0336,Yes,7,Price
CUST0337,No,2,N/A
CUST0338,No,2,N/A
CUST0339,Yes,2,Moved
CUST0340,No,2,N/A
CUST0341,Yes,3,Competitor Offer
CUST0342,No,1,N/A
CUST0343,No,2,N/A
CUST0344,Yes,5,Moved
CUST0345,Yes,3,No Reason Given
CUST0346,No,0,N/A
CUST0347,No,2,N/A
CUST0348,No,0,N/A
CUST0349,Yes,4,No Reason Given
CUST0350,No,2,N/A
CUST0351,No,0,N/A
CUST0352,No,0,N/A
CUST0353,No,0,N/A
CUST0354,No,0,N/A
CUST0355,No,1,N/A
CUST0356,No,1,N/A
CUST0357,No,0,N/A
CUST0358,No,1,N/A
CUST0359,No,2,N/A
CUST0360,No,2,N/A
CUST0361,Yes,2,Poor Service
CUST0362,No,1,N/A
CUST0363,No,1,N/A
CUST0364,No,2,N/A
CUST0365,Yes,2,Price
CUST0366,Yes,4,Price
CUST0367,No,1,N/A
CUST0368,Yes,7,Moved
CUST0369,Yes,7,Moved
CUST0370,Yes,2,Competitor Offer
CUST0371,Yes,3,Price
CUST0372,No,1,N/A
CUST0373,No,1,N/A
CUST0374,No,2,N/A
CUST0375,No,1,N/A
CUST0376,Yes,2,Price
CUST0377,No,1,N/A
CUST0378,Yes,6,Competitor Offer
CUST0379,No,2,N/A
CUST0380,No,0,N/A
CUST0381,No,0,N/A
CUST0382,No,0,N/A
CUST0383,No,1,N/A
CUST0384,Yes,4,Price
CUST0385,No,2,N/A
CUST0386,Yes,5,Price
CUST0387,No,0,N/A
CUST0388,Yes,6,Moved
CUST0389,Yes,7,Moved
CUST0390,Yes,4,Competitor Offer
CUST0391,No,0,N/A
CUST0392,Yes,6,Poor Service
CUST0393,No,2,N/A
CUST0394,Yes,2,Poor Service
CUST0395,Yes,2,Price
CUST0396,No,1,N/A
CUST0397,Yes,5,Poor Service
CUST0398,No,0,N/A
CUST0399,No,2,N/A
CUST0400,No,0,N/A
CUST0401,Yes,7,No Reason Given
CUST0402,No,0,N/A
CUST0403,No,0,N/A
CUST0404,No,2,N/A
CUST0405,No,2,N/A
CUST0406,Yes,7,Price
CUST0407,Yes,6,Poor Service
CUST0408,No,1,N/A
CUST0409,No,1,N/A
CUST0410,Yes,4,Moved
CUST0411,No,1,N/A
CUST0412,No,2,N/A
CUST0413,No,1,N/A
CUST0414,No,2,N/A
CUST0415,No,1,N/A
CUST0416,No,1,N/A
CUST0417,No,0,N/A
CUST0418,No,0,N/A
CUST0419,No,0,N/A
CUST0420,No,2,N/A
CUST0421,No,2,N/A
CUST0422,Yes,6,Competitor Offer
CUST0423,Yes,7,Poor Service
CUST0424,No,1,N/A
CUST0425,Yes,3,Price
CUST0426,No,1,N/A
CUST0427,No,1,N/A
CUST0428,No,0,N/A
CUST0429,No,1,N/A
CUST0430,No,1,N/A
CUST0431,No,0,N/A
CUST0432,No,0,N/A
CUST0433,No,1,N/A
CUST0434,No,1,N/A
CUST0435,No,1,N/A
CUST0436,No,2,N/A
CUST0437,Yes,5,Competitor Offer
CUST0438,No,0,N/A
CUST0439,No,1,N/A
CUST0440,No,2,N/A
CUST0441,No,1,N/A
CUST0442,No,2,N/A
CUST0443,No,2,N/A
CUST0444,No,0,N/A
CUST0445,Yes,3,Poor Service
CUST0446,Yes,3,Competitor Offer
CUST0447,No,1,N/A
CUST0448,Yes,5,No Reason Given
CUST0449,No,0,N/A
CUST0450,Yes,2,Moved
CUST0451,Yes,4,Competitor Offer
CUST0452,Yes,6,Moved
CUST0453,No,1,N/A
CUST0454,No,1,N/A
CUST0455,Yes,6,Moved
CUST0456,No,2,N/A
CUST0457,No,1,N/A
CUST0458,Yes,3,Moved
CUST0459,No,2,N/A
CUST0460,No,2,N/A
CUST0461,No,1,N/A
CUST0462,No,0,N/A
CUST0463,No,0,N/A
CUST0464,No,1,N/A
CUST0465,Yes,3,Poor Service
CUST0466,No,1,N/A
CUST0467,No,2,N/A
CUST0468,No,0,N/A
CUST0469,Yes,7,Moved
CUST0470,No,0,N/A
CUST0471,Yes,6,Moved
CUST0472,No,2,N/A
CUST0473,Yes,4,Price
CUST0474,No,2,N/A
CUST0475,No,1,N/A
CUST0476,Yes,3,Price
CUST0477,No,0,N/A
CUST0478,Yes,5,No Reason Given
CUST0479,No,1,N/A
CUST0480,No,1,N/A
CUST0481,No,0,N/A
CUST0482,No,0,N/A
CUST0483,No,0,N/A
CUST0484,No,0,N/A
CUST0485,No,0,N/A
CUST0486,No,2,N/A
CUST0487,Yes,6,Price
CUST0488,Yes,6,Moved
CUST0489,No,0,N/A
CUST0490,No,1,N/A
CUST0491,Yes,4,Moved
CUST0492,No,0,N/A
CUST0493,No,2,N/A
CUST0494,No,1,N/A
CUST0495,No,0,N/A
CUST0496,Yes,7,No Reason Given
CUST0497,No,2,N/A
CUST0498,No,2,N/A
CUST0499,Yes,6,Poor Service
CUST0500,No,2,N/A
CUST0501,No,2,N/A
CUST0502,No,2,N/A
CUST0503,No,2,N/A
CUST0504,No,2,N/A
CUST0505,No,2,N/A
CUST0506,No,0,N/A
CUST0507,Yes,3,Price
CUST0508,No,0,N/A
CUST0509,No,1,N/A
CUST0510,No,0,N/A
CUST0511,No,1,N/A
CUST0512,No,1,N/A
CUST0513,Yes,7,Price
CUST0514,No,0,N/A
CUST0515,No,1,N/A
CUST0516,No,2,N/A
CUST0517,No,1,N/A
CUST0518,No,0,N/A
CUST0519,No,0,N/A
CUST0520,No,2,N/A
CUST0521,No,1,N/A
CUST0522,No,0,N/A
CUST0523,No,1,N/A
CUST0524,No,2,N/A
CUST0525,Yes,7,Poor Service
CUST0526,No,0,N/A
CUST0527,Yes,4,No Reason Given
CUST0528,No,2,N/A
CUST0529,No,2,N/A
CUST0530,Yes,4,No Reason Given
CUST0531,No,2,N/A
CUST0532,No,0,N/A
CUST0533,No,2,N/A
CUST0534,No,2,N/A
CUST0535,Yes,2,Competitor Offer
CUST0536,Yes,4,No Reason Given
CUST0537,No,1,N/A
CUST0538,Yes,4,Poor Service
CUST0539,No,1,N/A
CUST0540,No,1,N/A
CUST0541,Yes,5,Price
CUST0542,Yes,3,Poor Service
CUST0543,Yes,3,No Reason Given
CUST0544,Yes,7,Competitor Offer
CUST0545,Yes,6,Poor Service
CUST0546,No,2,N/A
CUST0547,Yes,6,Price
CUST0548,No,2,N/A
CUST0549,No,2,N/A
CUST0550,No,0,N/A
CUST0551,Yes,7,Moved
CUST0552,No,2,N/A
CUST0553,No,2,N/A
CUST0554,No,2,N/A
CUST0555,Yes,6,Competitor Offer
CUST0556,No,0,N/A
CUST0557,Yes,5,Competitor Offer
CUST0558,Yes,2,Poor Service
CUST0559,No,1,N/A
CUST0560,No,1,N/A
CUST0561,Yes,5,Competitor Offer
CUST0562,Yes,4,Poor Service
CUST0563,Yes,5,Poor Service
CUST0564,No,0,N/A
CUST0565,Yes,6,Moved
CUST0566,No,1,N/A
CUST0567,Yes,4,Price
CUST0568,No,0,N/A
CUST0569,No,0,N/A
CUST0570,No,1,N/A
CUST0571,No,2,N/A
CUST0572,Yes,5,Poor Service
CUST0573,No,2,N/A
CUST0574,No,1,N/A
CUST0575,Yes,3,No Reason Given
CUST0576,Yes,6,No Reason Given
CUST0577,No,2,N/A
CUST0578,No,0,N/A
CUST0579,Yes,4,Moved
CUST0580,No,1,N/A
CUST0581,No,2,N/A
CUST0582,No,0,N/A
CUST0583,No,1,N/A
CUST0584,No,2,N/A
CUST0585,No,0,N/A
CUST0586,No,0,N/A
CUST0587,Yes,2,No Reason Given
CUST0588,Yes,5,Price
CUST0589,No,2,N/A
CUST0590,Yes,3,Moved
CUST0591,No,1,N/A
CUST0592,Yes,2,Poor Service
CUST0593,No,0,N/A
CUST0594,No,0,N/A
CUST0595,No,1,N/A
CUST0596,No,2,N/A
CUST0597,Yes,7,Poor Service
CUST0598,No,2,N/A
CUST0599,No,0,N/A
CUST0600,Yes,6,No Reason Given
CUST0601,Yes,4,No Reason Given
CUST0602,No,1,N/A
CUST0603,No,2,N/A
CUST0604,No,1,N/A
CUST0605,No,1,N/A
CUST0606,No,2,N/A
CUST0607,Yes,3,Moved
CUST0608,No,0,N/A
CUST0609,No,2,N/A
CUST0610,No,1,N/A
CUST0611,No,0,N/A
CUST0612,No,0,N/A
CUST0613,No,0,N/A
CUST0614,No,2,N/A
CUST0615,No,0,N/A
CUST0616,Yes,4,Competitor Offer
CUST0617,No,2,N/A
CUST0618,No,2,N/A
CUST0619,No,0,N/A
CUST0620,No,1,N/A
CUST0621,No,2,N/A
CUST0622,No,0,N/A
CUST0623,No,1,N/A
CUST0624,No,1,N/A
CUST0625,Yes,3,Competitor Offer
CUST0626,No,0,N/A
CUST0627,No,1,N/A
CUST0628,No,2,N/A
CUST0629,No,2,N/A
CUST0630,No,2,N/A
CUST0631,No,2,N/A
CUST0632,No,2,N/A
CUST0633,No,1,N/A
CUST0634,Yes,5,Poor Service
CUST0635,No,0,N/A
CUST0636,Yes,3,Price
CUST0637,Yes,5,No Reason Given
CUST0638,Yes,4,Price
CUST0639,No,2,N/A
CUST0640,No,1,N/A
CUST0641,No,2,N/A
CUST0642,No,2,N/A
CUST0643,No,0,N/A
CUST0644,Yes,6,Poor Service
CUST0645,No,1,N/A
CUST0646,No,0,N/A
CUST0647,No,1,N/A
CUST0648,No,1,N/A
CUST0649,No,2,N/A
CUST0650,No,2,N/A
CUST0651,Yes,2,Price
CUST0652,Yes,6,Price
CUST0653,Yes,2,Price
CUST0654,No,2,N/A
CUST0655,No,1,N/A
CUST0656,Yes,7,Competitor Offer
CUST0657,Yes,3,Poor Service
CUST0658,No,1,N/A
CUST0659,No,1,N/A
CUST0660,No,0,N/A
CUST0661,No,1,N/A
CUST0662,No,1,N/A
CUST0663,No,0,N/A
CUST0664,Yes,5,Competitor Offer
CUST0665,Yes,5,Price
CUST0666,No,0,N/A
CUST0667,No,0,N/A
CUST0668,No,2,N/A
CUST0669,No,1,N/A
CUST0670,No,1,N/A
CUST0671,Yes,4,Competitor Offer
CUST0672,No,1,N/A
CUST0673,Yes,3,Moved
CUST0674,No,2,N/A
CUST0675,No,1,N/A
CUST0676,No,2,N/A
CUST0677,Yes,7,Poor Service
CUST0678,No,1,N/A
CUST0679,No,1,N/A
CUST0680,Yes,3,Moved
CUST0681,No,2,N/A
CUST0682,No,0,N/A
CUST0683,No,0,N/A
CUST0684,No,2,N/A
CUST0685,No,2,N/A
CUST0686,No,0,N/A
CUST0687,No,0,N/A
CUST0688,No,0,N/A
CUST0689,No,2,N/A
CUST0690,No,0,N/A
CUST0691,No,2,N/A
CUST0692,No,0,N/A
CUST0693,No,2,N/A
CUST0694,No,0,N/A
CUST0695,No,1,N/A
CUST0696,Yes,6,Competitor Offer
CUST0697,No,2,N/A
CUST0698,No,2,N/A
CUST0699,No,1,N/A
CUST0700,No,2,N/A
CUST0701,Yes,4,Poor Service
CUST0702,No,1,N/A
CUST0703,No,0,N/A
CUST0704,No,2,N/A
CUST0705,Yes,5,Moved
CUST0706,No,0,N/A
CUST0707,No,0,N/A
CUST0708,Yes,2,Moved
CUST0709,No,2,N/A
CUST0710,No,0,N/A
CUST0711,No,2,N/A
CUST0712,Yes,4,Competitor Offer
CUST0713,Yes,3,Moved
CUST0714,No,2,N/A
CUST0715,No,2,N/A
CUST0716,No,0,N/A
CUST0717,No,2,N/A
CUST0718,Yes,2,Competitor Offer
CUST0719,No,1,N/A
CUST0720,No,1,N/A
CUST0721,Yes,5,Price
CUST0722,No,0,N/A
CUST0723,No,2,N/A
CUST0724,No,0,N/A
CUST0725,Yes,7,Price
CUST0726,No,2,N/A
CUST0727,No,2,N/A
CUST0728,No,1,N/A
CUST0729,Yes,2,Competitor Offer
CUST0730,Yes,5,Poor Service
CUST0731,No,1,N/A
CUST0732,No,0,N/A
CUST0733,No,2,N/A
CUST0734,No,0,N/A
CUST0735,No,2,N/A
CUST0736,Yes,4,Moved
CUST0737,Yes,2,Competitor Offer
CUST0738,Yes,2,Competitor Offer
CUST0739,Yes,5,Poor Service
CUST0740,No,1,N/A
CUST0741,Yes,4,Poor Service
CUST0742,No,1,N/A
CUST0743,Yes,3,Moved
CUST0744,No,1,N/A
CUST0745,Yes,6,No Reason Given
CUST0746,No,2,N/A
CUST0747,No,2,N/A
CUST0748,No,1,N/A
CUST0749,No,0,N/A
CUST0750,No,1,N/A
CUST0751,No,2,N/A
CUST0752,No,2,N/A
CUST0753,No,0,N/A
CUST0754,No,0,N/A
CUST0755,No,2,N/A
CUST0756,No,2,N/A
CUST0757,No,0,N/A
CUST0758,No,1,N/A
CUST0759,Yes,5,Price
CUST0760,No,0,N/A
CUST0761,No,0,N/A
CUST0762,No,0,N/A
CUST0763,Yes,3,No Reason Given
CUST0764,No,1,N/A
CUST0765,No,0,N/A
CUST0766,No,1,N/A
CUST0767,No,2,N/A
CUST0768,Yes,4,Moved
CUST0769,Yes,7,Poor Service
CUST0770,Yes,5,Price
CUST0771,No,0,N/A
CUST0772,No,0,N/A
CUST0773,No,1,N/A
CUST0774,Yes,2,No Reason Given
CUST0775,No,1,N/A
CUST0776,No,2,N/A
CUST0777,No,2,N/A
CUST0778,Yes,6,Moved
CUST0779,No,1,N/A
CUST0780,Yes,2,Moved
CUST0781,No,0,N/A
CUST0782,Yes,4,Moved
CUST0783,No,2,N/A
CUST0784,Yes,7,Poor Service
CUST0785,No,1,N/A
CUST0786,Yes,2,No Reason Given
CUST0787,Yes,2,Poor Service
CUST0788,Yes,7,Price
CUST0789,Yes,6,Competitor Offer
CUST0790,No,1,N/A
CUST0791,Yes,4,Poor Service
CUST0792,No,2,N/A
CUST0793,No,0,N/A
CUST0794,Yes,4,Competitor Offer
CUST0795,No,2,N/A
CUST0796,No,1,N/A
CUST0797,No,1,N/A
CUST0798,No,0,N/A
CUST0799,No,1,N/A
CUST0800,No,2,N/A
CUST0801,No,2,N/A
CUST0802,No,0,N/A
CUST0803,No,2,N/A
CUST0804,No,1,N/A
CUST0805,No,0,N/A
CUST0806,Yes,2,Poor Service
CUST0807,No,0,N/A
CUST0808,No,1,N/A
CUST0809,No,2,N/A
CUST0810,Yes,6,No Reason Given
CUST0811,Yes,3,Poor Service
CUST0812,No,2,N/A
CUST0813,No,0,N/A
CUST0814,No,1,N/A
CUST0815,No,0,N/A
CUST0816,No,1,N/A
CUST0817,No,0,N/A
CUST0818,No,0,N/A
CUST0819,Yes,7,Competitor Offer
CUST0820,Yes,5,Price
CUST0821,No,1,N/A
CUST0822,No,1,N/A
CUST0823,No,1,N/A
CUST0824,No,1,N/A
CUST0825,Yes,2,Competitor Offer
CUST0826,Yes,2,No Reason Given
CUST0827,Yes,2,Competitor Offer
CUST0828,No,2,N/A
CUST0829,No,2,N/A
CUST0830,No,0,N/A
CUST0831,Yes,3,Competitor Offer
CUST0832,No,0,N/A
CUST0833,Yes,2,Poor Service
CUST0834,No,0,N/A
CUST0835,No,0,N/A
CUST0836,No,0,N/A
CUST0837,No,2,N/A
CUST0838,No,1,N/A
CUST0839,No,0,N/A
CUST0840,No,2,N/A
CUST0841,No,1,N/A
CUST0842,No,0,N/A
CUST0843,Yes,3,No Reason Given
CUST0844,No,1,N/A
CUST0845,No,0,N/A
CUST0846,Yes,2,Price
CUST0847,No,2,N/A
CUST0848,Yes,5,Poor Service
CUST0849,Yes,5,No Reason Given
CUST0850,No,2,N/A
CUST0851,No,2,N/A
CUST0852,Yes,4,Competitor Offer
CUST0853,No,2,N/A
CUST0854,Yes,4,Competitor Offer
CUST0855,No,0,N/A
CUST0856,No,1,N/A
CUST0857,No,2,N/A
CUST0858,No,0,N/A
CUST0859,Yes,4,Price
CUST0860,No,2,N/A
CUST0861,No,0,N/A
CUST0862,No,2,N/A
CUST0863,No,1,N/A
CUST0864,Yes,4,Moved
CUST0865,No,0,N/A
CUST0866,No,0,N/A
CUST0867,No,2,N/A
CUST0868,No,2,N/A
CUST0869,No,0,N/A
CUST0870,No,1,N/A
CUST0871,Yes,2,No Reason Given
CUST0872,No,2,N/A
CUST0873,Yes,5,Competitor Offer
CUST0874,No,1,N/A
CUST0875,Yes,4,Price
CUST0876,No,2,N/A
CUST0877,No,1,N/A
CUST0878,No,1,N/A
CUST0879,No,2,N/A
CUST0880,No,0,N/A
CUST0881,No,0,N/A
CUST0882,Yes,3,No Reason Given
CUST0883,Yes,6,Price
CUST0884,No,1,N/A
CUST0885,No,1,N/A
CUST0886,No,0,N/A
CUST0887,No,1,N/A
CUST0888,No,1,N/A
CUST0889,No,2,N/A
CUST0890,No,2,N/A
CUST0891,Yes,2,Competitor Offer
CUST0892,No,1,N/A
CUST0893,Yes,6,Moved
CUST0894,No,0,N/A
CUST0895,No,2,N/A
CUST0896,Yes,2,No Reason Given
CUST0897,No,2,N/A
CUST0898,No,2,N/A
CUST0899,No,2,N/A
CUST0900,No,0,N/A
CUST0901,No,2,N/A
CUST0902,Yes,7,No Reason Given
CUST0903,No,0,N/A
CUST0904,No,1,N/A
CUST0905,No,0,N/A
CUST0906,No,2,N/A
CUST0907,No,1,N/A
CUST0908,No,0,N/A
CUST0909,Yes,2,No Reason Given
CUST0910,No,0,N/A
CUST0911,No,0,N/A
CUST0912,No,1,N/A
CUST0913,Yes,2,Moved
CUST0914,Yes,3,Price
CUST0915,No,1,N/A
CUST0916,Yes,4,Price
CUST0917,No,0,N/A
CUST0918,Yes,5,Moved
CUST0919,No,0,N/A
CUST0920,No,2,N/A
CUST0921,Yes,4,Price
CUST0922,No,0,N/A
CUST0923,No,2,N/A
CUST0924,No,1,N/A
CUST0925,No,1,N/A
CUST0926,No,2,N/A
CUST0927,Yes,4,Moved
CUST0928,No,0,N/A
CUST0929,No,0,N/A
CUST0930,Yes,3,Moved
CUST0931,No,0,N/A
CUST0932,No,1,N/A
CUST0933,No,1,N/A
CUST0934,No,1,N/A
CUST0935,No,0,N/A
CUST0936,No,0,N/A
CUST0937,No,0,N/A
CUST0938,No,0,N/A
CUST0939,No,2,N/A
CUST0940,No,2,N/A
CUST0941,No,2,N/A
CUST0942,No,2,N/A
CUST0943,Yes,3,No Reason Given
CUST0944,No,0,N/A
CUST0945,No,1,N/A
CUST0946,No,0,N/A
CUST0947,No,2,N/A
CUST0948,Yes,2,No Reason Given
CUST0949,No,0,N/A
CUST0950,No,2,N/A
CUST0951,Yes,6,Competitor Offer
CUST0952,No,0,N/A
CUST0953,No,2,N/A
CUST0954,No,1,N/A
CUST0955,Yes,2,Competitor Offer
CUST0956,No,2,N/A
CUST0957,Yes,4,No Reason Given
CUST0958,No,0,N/A
CUST0959,No,0,N/A
CUST0960,No,1,N/A
CUST0961,Yes,6,Moved
CUST0962,No,1,N/A
CUST0963,No,1,N/A
CUST0964,No,2,N/A
CUST0965,No,1,N/A
CUST0966,No,0,N/A
CUST0967,No,2,N/A
CUST0968,No,0,N/A
CUST0969,Yes,2,Price
CUST0970,No,0,N/A
CUST0971,No,0,N/A
CUST0972,No,0,N/A
CUST0973,No,0,N/A
CUST0974,No,1,N/A
CUST0975,Yes,6,Competitor Offer
CUST0976,No,0,N/A
CUST0977,Yes,5,No Reason Given
CUST0978,No,0,N/A
CUST0979,No,1,N/A
CUST0980,No,0,N/A
CUST0981,No,2,N/A
CUST0982,No,2,N/A
CUST0983,Yes,7,No Reason Given
CUST0984,No,0,N/A
CUST0985,No,1,N/A
CUST0986,Yes,7,Moved
CUST0987,Yes,5,Price
CUST0988,No,0,N/A
CUST0989,Yes,5,No Reason Given
CUST0990,No,2,N/A
CUST0991,Yes,6,No Reason Given
CUST0992,No,0,N/A
CUST0993,No,2,N/A
CUST0994,No,1,N/A
CUST0995,Yes,6,Poor Service
CUST0996,No,0,N/A
CUST0997,No,0,N/A
CUST0998,Yes,2,No Reason Given
CUST0999,No,1,N/A
CUST1000,Yes,3,Poor Service
CUST1001,No,1,N/A
CUST1002,Yes,4,Competitor Offer
CUST1003,No,0,N/A
CUST1004,Yes,2,No Reason Given
CUST1005,No,1,N/A
CUST1006,No,1,N/A
CUST1007,No,0,N/A
CUST1008,Yes,7,Poor Service
CUST1009,No,0,N/A
CUST1010,No,0,N/A
CUST1011,No,2,N/A
CUST1012,No,2,N/A
CUST1013,Yes,4,Competitor Offer
CUST1014,No,2,N/A
CUST1015,No,1,N/A
CUST1016,No,0,N/A
CUST1017,No,2,N/A
CUST1018,No,1,N/A
CUST1019,No,0,N/A
CUST1020,Yes,4,Poor Service
CUST1021,No,0,N/A
CUST1022,Yes,2,Moved
CUST1023,No,1,N/A
CUST1024,No,2,N/A
CUST1025,No,1,N/A
CUST1026,No,1,N/A
CUST1027,Yes,7,Moved
CUST1028,No,1,N/A
CUST1029,No,2,N/A
CUST1030,Yes,7,Competitor Offer
CUST1031,No,2,N/A
CUST1032,No,1,N/A
CUST1033,No,0,N/A
CUST1034,No,0,N/A
CUST1035,No,1,N/A
CUST1036,No,0,N/A
CUST1037,Yes,2,Competitor Offer
CUST1038,No,2,N/A
CUST1039,No,0,N/A
CUST1040,No,1,N/A
CUST1041,No,1,N/A
CUST1042,No,2,N/A
CUST1043,No,2,N/A
CUST1044,No,1,N/A
CUST1045,Yes,2,Moved
CUST1046,No,1,N/A
CUST1047,Yes,3,No Reason Given
CUST1048,No,1,N/A
CUST1049,No,1,N/A
CUST1050,No,2,N/A
CUST1051,No,0,N/A
CUST1052,No,1,N/A
CUST1053,No,1,N/A
CUST1054,No,2,N/A
CUST1055,No,0,N/A
CUST1056,No,2,N/A
CUST1057,No,2,N/A
CUST1058,No,1,N/A
CUST1059,No,1,N/A
CUST1060,No,2,N/A
CUST1061,Yes,5,Competitor Offer
CUST1062,No,1,N/A
CUST1063,No,1,N/A
CUST1064,No,0,N/A
CUST1065,Yes,7,Poor Service
CUST1066,No,1,N/A
CUST1067,No,2,N/A
CUST1068,No,0,N/A
CUST1069,No,2,N/A
CUST1070,Yes,7,Moved
CUST1071,No,2,N/A
CUST1072,No,2,N/A
CUST1073,Yes,5,Price
CUST1074,No,2,N/A
CUST1075,No,2,N/A
CUST1076,Yes,3,Poor Service
CUST1077,No,1,N/A
CUST1078,Yes,5,Moved
CUST1079,Yes,5,Competitor Offer
CUST1080,No,1,N/A
CUST1081,No,1,N/A
CUST1082,No,0,N/A
CUST1083,Yes,6,Poor Service
CUST1084,No,2,N/A
CUST1085,No,1,N/A
CUST1086,No,1,N/A
CUST1087,No,1,N/A
CUST1088,No,2,N/A
CUST1089,Yes,7,Moved
CUST1090,No,1,N/A
CUST1091,Yes,4,No Reason Given
CUST1092,No,0,N/A
CUST1093,No,2,N/A
CUST1094,No,0,N/A
CUST1095,No,2,N/A
CUST1096,No,1,N/A
CUST1097,No,2,N/A
CUST1098,No,2,N/A
CUST1099,Yes,2,Price
CUST1100,No,2,N/A
CUST1101,No,0,N/A
CUST1102,No,2,N/A
CUST1103,No,0,N/A
CUST1104,Yes,6,Moved
CUST1105,No,1,N/A
CUST1106,No,2,N/A
CUST1107,Yes,3,No Reason Given
CUST1108,No,2,N/A
CUST1109,Yes,3,Poor Service
CUST1110,No,0,N/A
CUST1111,No,0,N/A
CUST1112,No,2,N/A
CUST1113,Yes,5,Price
CUST1114,No,2,N/A
CUST1115,No,2,N/A
CUST1116,Yes,6,Price
CUST1117,No,1,N/A
CUST1118,No,2,N/A
CUST1119,No,1,N/A
CUST1120,No,2,N/A
CUST1121,No,2,N/A
CUST1122,Yes,3,Price
CUST1123,No,2,N/A
CUST1124,No,0,N/A
CUST1125,No,0,N/A
CUST1126,No,1,N/A
CUST1127,Yes,4,Poor Service
CUST1128,No,2,N/A
CUST1129,No,2,N/A
CUST1130,Yes,7,Moved
CUST1131,No,2,N/A
CUST1132,No,0,N/A
CUST1133,Yes,5,Poor Service
CUST1134,No,1,N/A
CUST1135,Yes,7,Competitor Offer
CUST1136,No,0,N/A
CUST1137,Yes,6,Poor Service
CUST1138,No,0,N/A
CUST1139,No,0,N/A
CUST1140,No,1,N/A
CUST1141,No,0,N/A
CUST1142,No,1,N/A
CUST1143,No,0,N/A
CUST1144,No,1,N/A
CUST1145,No,1,N/A
CUST1146,Yes,3,No Reason Given
CUST1147,No,1,N/A
CUST1148,No,0,N/A
CUST1149,No,1,N/A
CUST1150,No,0,N/A
CUST1151,No,1,N/A
CUST1152,No,2,N/A
CUST1153,No,2,N/A
CUST1154,No,0,N/A
CUST1155,No,1,N/A
CUST1156,No,0,N/A
CUST1157,Yes,5,Price
CUST1158,No,0,N/A
CUST1159,Yes,4,Poor Service
CUST1160,No,1,N/A
CUST1161,No,2,N/A
CUST1162,Yes,5,Poor Service
CUST1163,No,1,N/A
CUST1164,No,1,N/A
CUST1165,Yes,5,Poor Service
CUST1166,No,2,N/A
CUST1167,No,2,N/A
CUST1168,No,1,N/A
CUST1169,Yes,3,Price
CUST1170,No,2,N/A
CUST1171,Yes,7,Competitor Offer
CUST1172,No,1,N/A
CUST1173,Yes,4,No Reason Given
CUST1174,No,1,N/A
CUST1175,No,0,N/A
CUST1176,Yes,6,Poor Service
CUST1177,No,2,N/A
CUST1178,No,1,N/A
CUST1179,No,2,N/A
CUST1180,No,2,N/A
CUST1181,No,2,N/A
CUST1182,No,1,N/A
CUST1183,No,1,N/A
CUST1184,Yes,6,Poor Service
CUST1185,No,2,N/A
CUST1186,No,0,N/A
CUST1187,No,2,N/A
CUST1188,Yes,3,Competitor Offer
CUST1189,No,1,N/A
CUST1190,Yes,6,Competitor Offer
CUST1191,No,2,N/A
CUST1192,No,0,N/A
CUST1193,No,1,N/A
CUST1194,Yes,7,Moved
CUST1195,No,2,N/A
CUST1196,Yes,7,Competitor Offer
CUST1197,No,2,N/A
CUST1198,Yes,6,Poor Service
CUST1199,No,0,N/A
CUST1200,No,1,N/A
CUST1201,No,2,N/A
CUST1202,Yes,7,No Reason Given
CUST1203,No,0,N/A
CUST1204,No,1,N/A
CUST1205,Yes,4,Poor Service
CUST1206,No,2,N/A
CUST1207,Yes,7,Moved
CUST1208,No,2,N/A
CUST1209,Yes,5,No Reason Given
CUST1210,No,1,N/A
CUST1211,No,0,N/A
CUST1212,Yes,4,Moved
CUST1213,No,1,N/A
CUST1214,No,1,N/A
CUST1215,No,2,N/A
CUST1216,No,0,N/A
CUST1217,No,0,N/A
CUST1218,Yes,4,Competitor Offer
CUST1219,Yes,6,Moved
CUST1220,No,0,N/A
CUST1221,Yes,6,Competitor Offer
CUST1222,No,1,N/A
CUST1223,No,1,N/A
CUST1224,No,1,N/A
CUST1225,Yes,5,Moved
CUST1226,No,0,N/A
CUST1227,No,0,N/A
CUST1228,No,2,N/A
CUST1229,No,1,N/A
CUST1230,No,2,N/A
CUST1231,Yes,3,Price
CUST1232,No,1,N/A
CUST1233,No,1,N/A
CUST1234,No,2,N/A
CUST1235,No,1,N/A
CUST1236,No,2,N/A
CUST1237,No,0,N/A
CUST1238,Yes,2,Moved
CUST1239,Yes,4,No Reason Given
CUST1240,Yes,5,Price
CUST1241,No,1,N/A
CUST1242,No,0,N/A
CUST1243,No,1,N/A
CUST1244,No,2,N/A
CUST1245,No,1,N/A
CUST1246,Yes,3,Price
CUST1247,No,2,N/A
CUST1248,No,2,N/A
CUST1249,Yes,5,No Reason Given
CUST1250,No,1,N/A
CUST1251,No,0,N/A
CUST1252,Yes,5,Moved
CUST1253,Yes,6,No Reason Given
CUST1254,No,2,N/A
CUST1255,No,2,N/A
CUST1256,No,1,N/A
CUST1257,No,2,N/A
CUST1258,No,0,N/A
CUST1259,Yes,3,Poor Service
CUST1260,Yes,2,Price
CUST1261,No,0,N/A
CUST1262,Yes,2,Price
CUST1263,No,0,N/A
CUST1264,No,1,N/A
CUST1265,No,1,N/A
CUST1266,No,1,N/A
CUST1267,Yes,3,Competitor Offer
CUST1268,Yes,5,No Reason Given
CUST1269,No,2,N/A
CUST1270,No,2,N/A
CUST1271,No,2,N/A
CUST1272,No,2,N/A
CUST1273,No,1,N/A
CUST1274,No,2,N/A
CUST1275,No,0,N/A
CUST1276,Yes,3,Price
CUST1277,Yes,6,Poor Service
CUST1278,No,2,N/A
CUST1279,No,0,N/A
CUST1280,Yes,5,Moved
CUST1281,No,2,N/A
CUST1282,No,2,N/A
CUST1283,Yes,3,Poor Service
CUST1284,No,0,N/A
CUST1285,Yes,2,Competitor Offer
CUST1286,No,0,N/A
CUST1287,Yes,2,Poor Service
CUST1288,No,0,N/A
CUST1289,No,0,N/A
CUST1290,No,0,N/A
CUST1291,No,2,N/A
CUST1292,No,2,N/A
CUST1293,No,0,N/A
CUST1294,No,0,N/A
CUST1295,No,2,N/A
CUST1296,No,2,N/A
CUST1297,No,2,N/A
CUST1298,No,0,N/A
CUST1299,No,1,N/A
CUST1300,Yes,5,Poor Service
CUST1301,No,2,N/A
CUST1302,No,1,N/A
CUST1303,No,0,N/A
CUST1304,No,1,N/A
CUST1305,No,1,N/A
CUST1306,Yes,4,Poor Service
CUST1307,No,2,N/A
CUST1308,No,0,N/A
CUST1309,No,2,N/A
CUST1310,No,1,N/A
CUST1311,No,2,N/A
CUST1312,No,0,N/A
CUST1313,No,0,N/A
CUST1314,No,0,N/A
CUST1315,No,0,N/A
CUST1316,No,1,N/A
CUST1317,No,1,N/A
CUST1318,No,1,N/A
CUST1319,No,1,N/A
CUST1320,No,1,N/A
CUST1321,Yes,7,Moved
CUST1322,No,0,N/A
CUST1323,No,1,N/A
CUST1324,No,0,N/A
CUST1325,Yes,3,Moved
CUST1326,No,1,N/A
CUST1327,Yes,7,Competitor Offer
CUST1328,Yes,5,Poor Service
CUST1329,No,0,N/A
CUST1330,No,0,N/A
CUST1331,No,2,N/A
CUST1332,Yes,7,Price
CUST1333,No,0,N/A
CUST1334,No,2,N/A
CUST1335,Yes,6,No Reason Given
CUST1336,No,0,N/A
CUST1337,No,1,N/A
CUST1338,No,0,N/A
CUST1339,No,1,N/A
CUST1340,Yes,3,Price
CUST1341,Yes,5,Price
CUST1342,No,2,N/A
CUST1343,No,0,N/A
CUST1344,No,0,N/A
CUST1345,No,2,N/A
CUST1346,Yes,2,Price
CUST1347,No,2,N/A
CUST1348,Yes,3,Competitor Offer
CUST1349,No,0,N/A
CUST1350,No,2,N/A
CUST1351,Yes,6,Moved
CUST1352,No,2,N/A
CUST1353,Yes,6,Poor Service
CUST1354,No,2,N/A
CUST1355,No,0,N/A
CUST1356,No,2,N/A
CUST1357,Yes,5,Moved
CUST1358,No,1,N/A
CUST1359,No,1,N/A
CUST1360,No,2,N/A
CUST1361,Yes,4,Price
CUST1362,No,1,N/A
CUST1363,No,2,N/A
CUST1364,Yes,3,Poor Service
CUST1365,No,2,N/A
CUST1366,Yes,7,Poor Service
CUST1367,No,2,N/A
CUST1368,No,0,N/A
CUST1369,No,1,N/A
CUST1370,No,0,N/A
CUST1371,Yes,6,No Reason Given
CUST1372,No,1,N/A
CUST1373,No,0,N/A
CUST1374,No,0,N/A
CUST1375,No,2,N/A
CUST1376,No,0,N/A
CUST1377,No,2,N/A
CUST1378,No,0,N/A
CUST1379,No,1,N/A
CUST1380,No,0,N/A
CUST1381,Yes,2,Poor Service
CUST1382,No,0,N/A
CUST1383,No,2,N/A
CUST1384,No,1,N/A
CUST1385,No,1,N/A
CUST1386,Yes,3,Moved
CUST1387,No,0,N/A
CUST1388,Yes,4,Poor Service
CUST1389,Yes,2,Moved
CUST1390,No,0,N/A
CUST1391,Yes,3,Poor Service
CUST1392,No,1,N/A
CUST1393,No,0,N/A
CUST1394,Yes,6,Moved
CUST1395,No,1,N/A
CUST1396,Yes,6,Competitor Offer
CUST1397,No,0,N/A
CUST1398,No,0,N/A
CUST1399,Yes,5,Price
CUST1400,No,1,N/A
CUST1401,No,2,N/A
CUST1402,No,2,N/A
CUST1403,Yes,7,Poor Service
CUST1404,No,2,N/A
CUST1405,No,2,N/A
CUST1406,No,2,N/A
CUST1407,No,0,N/A
CUST1408,Yes,6,Price
CUST1409,No,2,N/A
CUST1410,No,2,N/A
CUST1411,Yes,6,No Reason Given
CUST1412,No,2,N/A
CUST1413,No,2,N/A
CUST1414,No,1,N/A
CUST1415,No,1,N/A
CUST1416,Yes,4,Moved
CUST1417,No,0,N/A
CUST1418,Yes,2,Competitor Offer
CUST1419,No,0,N/A
CUST1420,No,2,N/A
CUST1421,No,0,N/A
CUST1422,No,2,N/A
CUST1423,Yes,5,Poor Service
CUST1424,No,2,N/A
CUST1425,No,1,N/A
CUST1426,No,0,N/A
CUST1427,No,0,N/A
CUST1428,No,1,N/A
CUST1429,Yes,4,Price
CUST1430,No,0,N/A
CUST1431,No,1,N/A
CUST1432,Yes,3,Moved
CUST1433,No,2,N/A
CUST1434,No,2,N/A
CUST1435,No,2,N/A
CUST1436,No,1,N/A
CUST1437,Yes,5,Poor Service
CUST1438,No,2,N/A
CUST1439,No,2,N/A
CUST1440,No,0,N/A
CUST1441,Yes,2,Competitor Offer
CUST1442,No,2,N/A
CUST1443,No,0,N/A
CUST1444,No,0,N/A
CUST1445,No,0,N/A
CUST1446,No,0,N/A
CUST1447,Yes,4,Competitor Offer
CUST1448,No,0,N/A
CUST1449,No,0,N/A
CUST1450,No,1,N/A
CUST1451,No,0,N/A
CUST1452,No,0,N/A
CUST1453,No,0,N/A
CUST1454,No,1,N/A
CUST1455,Yes,6,Price
CUST1456,No,0,N/A
CUST1457,Yes,4,Price
CUST1458,Yes,6,Price
CUST1459,No,0,N/A
CUST1460,No,1,N/A
CUST1461,No,2,N/A
CUST1462,Yes,5,Competitor Offer
CUST1463,No,0,N/A
CUST1464,No,1,N/A
CUST1465,No,2,N/A
CUST1466,Yes,7,No Reason Given
CUST1467,No,2,N/A
CUST1468,No,0,N/A
CUST1469,Yes,4,No Reason Given
CUST1470,No,0,N/A
CUST1471,Yes,5,Poor Service
CUST1472,No,1,N/A
CUST1473,No,1,N/A
CUST1474,No,0,N/A
CUST1475,No,0,N/A
CUST1476,No,0,N/A
CUST1477,Yes,5,No Reason Given
CUST1478,No,1,N/A
CUST1479,No,1,N/A
CUST1480,Yes,5,Poor Service
CUST1481,Yes,5,Price
CUST1482,Yes,4,Moved
CUST1483,No,0,N/A
CUST1484,No,2,N/A
CUST1485,No,0,N/A
CUST1486,No,0,N/A
CUST1487,Yes,6,Competitor Offer
CUST1488,No,2,N/A
CUST1489,No,0,N/A
CUST1490,No,0,N/A
CUST1491,No,2,N/A
CUST1492,No,0,N/A
CUST1493,Yes,4,Competitor Offer
CUST1494,Yes,3,No Reason Given
CUST1495,Yes,6,Price
CUST1496,Yes,3,No Reason Given
CUST1497,No,1,N/A
CUST1498,No,2,N/A
CUST1499,Yes,2,No Reason Given
CUST1500,No,1,N/A
CUST1501,No,1,N/A
CUST1502,Yes,4,No Reason Given
CUST1503,No,0,N/A
CUST1504,Yes,4,Price
CUST1505,No,1,N/A
CUST1506,No,2,N/A
CUST1507,No,1,N/A
CUST1508,Yes,3,Moved
CUST1509,Yes,6,No Reason Given
CUST1510,No,1,N/A
CUST1511,No,2,N/A
CUST1512,Yes,5,Moved
CUST1513,No,2,N/A
CUST1514,No,2,N/A
CUST1515,No,1,N/A
CUST1516,No,1,N/A
CUST1517,No,0,N/A
CUST1518,Yes,5,Poor Service
CUST1519,No,2,N/A
CUST1520,No,2,N/A
CUST1521,No,0,N/A
CUST1522,No,2,N/A
CUST1523,No,0,N/A
CUST1524,No,2,N/A
CUST1525,Yes,2,Price
CUST1526,No,0,N/A
CUST1527,No,2,N/A
CUST1528,No,2,N/A
CUST1529,No,2,N/A
CUST1530,No,1,N/A
CUST1531,No,1,N/A
CUST1532,No,2,N/A
CUST1533,Yes,6,No Reason Given
CUST1534,No,2,N/A
CUST1535,No,2,N/A
CUST1536,No,0,N/A
CUST1537,No,1,N/A
CUST1538,No,2,N/A
CUST1539,No,1,N/A
CUST1540,No,1,N/A
CUST1541,No,0,N/A
CUST1542,No,2,N/A
CUST1543,No,1,N/A
CUST1544,No,0,N/A
CUST1545,No,2,N/A
CUST1546,No,2,N/A
CUST1547,Yes,5,Moved
CUST1548,No,0,N/A
CUST1549,Yes,7,No Reason Given
CUST1550,No,0,N/A
CUST1551,No,0,N/A
CUST1552,No,2,N/A
CUST1553,No,1,N/A
CUST1554,Yes,6,Price
CUST1555,Yes,4,Price
CUST1556,Yes,2,No Reason Given
CUST1557,No,0,N/A
CUST1558,No,1,N/A
CUST1559,Yes,4,Competitor Offer
CUST1560,Yes,5,No Reason Given
CUST1561,Yes,5,Price
CUST1562,No,2,N/A
CUST1563,No,2,N/A
CUST1564,No,1,N/A
CUST1565,Yes,7,Price
CUST1566,No,2,N/A
CUST1567,No,0,N/A
CUST1568,Yes,5,Moved
CUST1569,Yes,4,Price
CUST1570,Yes,4,Poor Service
CUST1571,No,2,N/A
CUST1572,No,1,N/A
CUST1573,Yes,2,Competitor Offer
CUST1574,No,0,N/A
CUST1575,Yes,6,Poor Service
CUST1576,Yes,7,Poor Service
CUST1577,No,0,N/A
CUST1578,Yes,5,Competitor Offer
CUST1579,No,1,N/A
CUST1580,No,2,N/A
CUST1581,Yes,7,Competitor Offer
CUST1582,No,2,N/A
CUST1583,Yes,6,Price
CUST1584,No,2,N/A
CUST1585,No,0,N/A
CUST1586,No,1,N/A
CUST1587,No,2,N/A
CUST1588,No,1,N/A
CUST1589,No,2,N/A
CUST1590,No,1,N/A
CUST1591,Yes,4,Moved
CUST1592,No,1,N/A
CUST1593,No,1,N/A
CUST1594,No,2,N/A
CUST1595,Yes,7,Price
CUST1596,Yes,4,Price
CUST1597,No,2,N/A
CUST1598,Yes,5,Price
CUST1599,No,1,N/A
CUST1600,Yes,4,Competitor Offer
CUST1601,No,0,N/A
CUST1602,No,1,N/A
CUST1603,No,2,N/A
CUST1604,No,2,N/A
CUST1605,No,2,N/A
CUST1606,No,1,N/A
CUST1607,No,0,N/A
CUST1608,No,0,N/A
CUST1609,No,1,N/A
CUST1610,No,0,N/A
CUST1611,No,0,N/A
CUST1612,No,2,N/A
CUST1613,Yes,7,Price
CUST1614,No,0,N/A
CUST1615,Yes,5,Moved
CUST1616,No,2,N/A
CUST1617,No,2,N/A
CUST1618,No,0,N/A
CUST1619,No,1,N/A
CUST1620,Yes,3,Competitor Offer
CUST1621,No,2,N/A
CUST1622,No,2,N/A
CUST1623,Yes,3,Poor Service
CUST1624,No,0,N/A
CUST1625,No,1,N/A
CUST1626,No,0,N/A
CUST1627,Yes,3,Poor Service
CUST1628,No,2,N/A
CUST1629,No,0,N/A
CUST1630,No,0,N/A
CUST1631,No,0,N/A
CUST1632,Yes,5,Moved
CUST1633,No,0,N/A
CUST1634,No,0,N/A
CUST1635,No,2,N/A
CUST1636,No,1,N/A
CUST1637,No,0,N/A
CUST1638,No,2,N/A
CUST1639,Yes,2,No Reason Given
CUST1640,No,0,N/A
CUST1641,No,1,N/A
CUST1642,No,2,N/A
CUST1643,No,1,N/A
CUST1644,Yes,3,Competitor Offer
CUST1645,Yes,7,Moved
CUST1646,No,1,N/A
CUST1647,No,0,N/A
CUST1648,Yes,3,No Reason Given
CUST1649,Yes,7,Moved
CUST1650,No,0,N/A
CUST1651,No,0,N/A
CUST1652,No,0,N/A
CUST1653,No,1,N/A
CUST1654,No,1,N/A
CUST1655,No,1,N/A
CUST1656,Yes,3,Price
CUST1657,Yes,2,Moved
CUST1658,Yes,5,Poor Service
CUST1659,No,2,N/A
CUST1660,No,2,N/A
CUST1661,No,2,N/A
CUST1662,No,2,N/A
CUST1663,No,2,N/A
CUST1664,Yes,6,Moved
CUST1665,No,1,N/A
CUST1666,No,2,N/A
CUST1667,No,0,N/A
CUST1668,No,2,N/A
CUST1669,No,0,N/A
CUST1670,No,0,N/A
CUST1671,Yes,4,Price
CUST1672,No,1,N/A
CUST1673,Yes,4,Poor Service
CUST1674,No,0,N/A
CUST1675,Yes,4,Price
CUST1676,No,0,N/A
CUST1677,Yes,3,Price
CUST1678,No,1,N/A
CUST1679,No,1,N/A
CUST1680,No,1,N/A
CUST1681,Yes,4,No Reason Given
CUST1682,No,2,N/A
CUST1683,No,2,N/A
CUST1684,No,0,N/A
CUST1685,No,2,N/A
CUST1686,No,2,N/A
CUST1687,Yes,5,Competitor Offer
CUST1688,No,1,N/A
CUST1689,No,1,N/A
CUST1690,Yes,2,Poor Service
CUST1691,No,1,N/A
CUST1692,No,1,N/A
CUST1693,No,2,N/A
CUST1694,Yes,3,No Reason Given
CUST1695,No,1,N/A
CUST1696,No,1,N/A
CUST1697,No,2,N/A
CUST1698,No,2,N/A
CUST1699,Yes,7,Price
CUST1700,Yes,6,No Reason Given
CUST1701,No,1,N/A
CUST1702,No,2,N/A
CUST1703,No,0,N/A
CUST1704,No,1,N/A
CUST1705,No,2,N/A
CUST1706,No,2,N/A
CUST1707,No,2,N/A
CUST1708,No,1,N/A
CUST1709,No,1,N/A
CUST1710,Yes,3,No Reason Given
CUST1711,No,2,N/A
CUST1712,No,2,N/A
CUST1713,No,0,N/A
CUST1714,No,1,N/A
CUST1715,No,2,N/A
CUST1716,No,0,N/A
CUST1717,No,2,N/A
CUST1718,No,1,N/A
CUST1719,No,1,N/A
CUST1720,No,0,N/A
CUST1721,Yes,2,No Reason Given
CUST1722,Yes,5,Moved
CUST1723,Yes,3,No Reason Given
CUST1724,No,1,N/A
CUST1725,No,0,N/A
CUST1726,No,0,N/A
CUST1727,No,2,N/A
CUST1728,Yes,7,No Reason Given
CUST1729,No,2,N/A
CUST1730,No,2,N/A
CUST1731,Yes,6,Competitor Offer
CUST1732,Yes,4,Competitor Offer
CUST1733,No,0,N/A
CUST1734,Yes,7,Competitor Offer
CUST1735,Yes,3,Poor Service
CUST1736,No,1,N/A
CUST1737,Yes,4,Moved
CUST1738,No,1,N/A
CUST1739,No,1,N/A
CUST1740,Yes,4,Competitor Offer
CUST1741,No,0,N/A
CUST1742,Yes,6,Competitor Offer
CUST1743,No,0,N/A
CUST1744,No,2,N/A
CUST1745,No,0,N/A
CUST1746,No,0,N/A
CUST1747,No,1,N/A
CUST1748,Yes,4,No Reason Given
CUST1749,No,0,N/A
CUST1750,No,2,N/A
CUST1751,No,2,N/A
CUST1752,No,2,N/A
CUST1753,Yes,2,Competitor Offer
CUST1754,Yes,6,Moved
CUST1755,No,1,N/A
CUST1756,Yes,7,Competitor Offer
CUST1757,No,2,N/A
CUST1758,No,2,N/A
CUST1759,No,1,N/A
CUST1760,Yes,4,Competitor Offer
CUST1761,No,2,N/A
CUST1762,No,2,N/A
CUST1763,Yes,4,No Reason Given
CUST1764,No,2,N/A
CUST1765,No,1,N/A
CUST1766,Yes,7,Competitor Offer
CUST1767,Yes,7,Moved
CUST1768,Yes,4,Competitor Offer
CUST1769,Yes,6,Moved
CUST1770,Yes,7,Moved
CUST1771,No,0,N/A
CUST1772,No,0,N/A
CUST1773,No,2,N/A
CUST1774,No,0,N/A
CUST1775,No,0,N/A
CUST1776,No,2,N/A
CUST1777,Yes,3,Price
CUST1778,No,1,N/A
CUST1779,Yes,5,Price
CUST1780,No,0,N/A
CUST1781,No,2,N/A
CUST1782,No,1,N/A
CUST1783,No,0,N/A
CUST1784,Yes,7,Competitor Offer
CUST1785,No,1,N/A
CUST1786,Yes,5,Moved
CUST1787,No,2,N/A
CUST1788,No,2,N/A
CUST1789,No,1,N/A
CUST1790,No,1,N/A
CUST1791,No,1,N/A
CUST1792,No,1,N/A
CUST1793,Yes,3,Price
CUST1794,No,2,N/A
CUST1795,No,1,N/A
CUST1796,No,2,N/A
CUST1797,Yes,6,Price
CUST1798,No,2,N/A
CUST1799,No,1,N/A
CUST1800,No,2,N/A
CUST1801,Yes,6,Poor Service
CUST1802,No,0,N/A
CUST1803,No,2,N/A
CUST1804,Yes,5,Competitor Offer
CUST1805,No,0,N/A
CUST1806,No,2,N/A
CUST1807,Yes,6,Poor Service
CUST1808,No,2,N/A
CUST1809,No,1,N/A
CUST1810,No,1,N/A
CUST1811,No,0,N/A
CUST1812,No,0,N/A
CUST1813,Yes,7,Price
CUST1814,No,0,N/A
CUST1815,Yes,4,No Reason Given
CUST1816,Yes,4,Price
CUST1817,No,2,N/A
CUST1818,No,0,N/A
CUST1819,No,2,N/A
CUST1820,Yes,3,Poor Service
CUST1821,No,2,N/A
CUST1822,Yes,2,Moved
CUST1823,No,2,N/A
CUST1824,Yes,5,No Reason Given
CUST1825,No,0,N/A
CUST1826,No,1,N/A
CUST1827,Yes,4,No Reason Given
CUST1828,Yes,7,Moved
CUST1829,Yes,3,Competitor Offer
CUST1830,No,2,N/A
CUST1831,Yes,4,Poor Service
CUST1832,Yes,7,Competitor Offer
CUST1833,No,2,N/A
CUST1834,No,0,N/A
CUST1835,No,2,N/A
CUST1836,Yes,6,Price
CUST1837,No,2,N/A
CUST1838,No,1,N/A
CUST1839,No,2,N/A
CUST1840,No,2,N/A
CUST1841,No,0,N/A
CUST1842,No,1,N/A
CUST1843,No,2,N/A
CUST1844,No,2,N/A
CUST1845,Yes,7,Poor Service
CUST1846,Yes,7,Price
CUST1847,No,1,N/A
CUST1848,No,1,N/A
CUST1849,No,1,N/A
CUST1850,Yes,4,Moved
CUST1851,No,1,N/A
CUST1852,Yes,4,No Reason Given
CUST1853,No,2,N/A
CUST1854,No,0,N/A
CUST1855,No,2,N/A
CUST1856,No,0,N/A
CUST1857,Yes,5,Price
CUST1858,No,0,N/A
CUST1859,No,2,N/A
CUST1860,No,0,N/A
CUST1861,No,0,N/A
CUST1862,No,0,N/A
CUST1863,No,1,N/A
CUST1864,Yes,2,Poor Service
CUST1865,No,0,N/A
CUST1866,Yes,7,Moved
CUST1867,No,2,N/A
CUST1868,No,2,N/A
CUST1869,Yes,5,Price
CUST1870,No,2,N/A
CUST1871,No,1,N/A
CUST1872,No,2,N/A
CUST1873,No,0,N/A
CUST1874,Yes,4,No Reason Given
CUST1875,No,2,N/A
CUST1876,No,1,N/A
CUST1877,No,0,N/A
CUST1878,No,0,N/A
CUST1879,No,1,N/A
CUST1880,No,1,N/A
CUST1881,Yes,7,Competitor Offer
CUST1882,No,0,N/A
CUST1883,No,2,N/A
CUST1884,No,1,N/A
CUST1885,No,0,N/A
CUST1886,No,0,N/A
CUST1887,Yes,7,No Reason Given
CUST1888,No,1,N/A
CUST1889,No,0,N/A
CUST1890,Yes,7,Poor Service
CUST1891,Yes,3,Price
CUST1892,Yes,2,No Reason Given
CUST1893,No,2,N/A
CUST1894,No,2,N/A
CUST1895,No,1,N/A
CUST1896,No,1,N/A
CUST1897,Yes,5,Moved
CUST1898,No,2,N/A
CUST1899,No,1,N/A
CUST1900,Yes,5,No Reason Given
CUST1901,No,2,N/A
CUST1902,No,0,N/A
CUST1903,No,2,N/A
CUST1904,No,0,N/A
CUST1905,Yes,5,Moved
CUST1906,No,0,N/A
CUST1907,No,0,N/A
CUST1908,No,1,N/A
CUST1909,Yes,7,Poor Service
CUST1910,No,2,N/A
CUST1911,Yes,3,Moved
CUST1912,No,1,N/A
CUST1913,No,0,N/A
CUST1914,No,2,N/A
CUST1915,Yes,2,Competitor Offer
CUST1916,No,0,N/A
CUST1917,Yes,7,Price
CUST1918,No,1,N/A
CUST1919,Yes,3,Competitor Offer
CUST1920,No,1,N/A
CUST1921,No,1,N/A
CUST1922,No,2,N/A
CUST1923,Yes,4,Poor Service
CUST1924,No,1,N/A
CUST1925,No,1,N/A
CUST1926,No,1,N/A
CUST1927,No,2,N/A
CUST1928,No,2,N/A
CUST1929,No,0,N/A
CUST1930,No,2,N/A
CUST1931,No,1,N/A
CUST1932,No,2,N/A
CUST1933,Yes,3,Poor Service
CUST1934,No,2,N/A
CUST1935,No,1,N/A
CUST1936,No,0,N/A
CUST1937,Yes,4,No Reason Given
CUST1938,No,1,N/A
CUST1939,Yes,3,Price
CUST1940,No,0,N/A
CUST1941,Yes,6,Price
CUST1942,No,2,N/A
CUST1943,No,2,N/A
CUST1944,Yes,4,Price
CUST1945,No,2,N/A
CUST1946,Yes,4,Price
CUST1947,Yes,5,Competitor Offer
CUST1948,No,0,N/A
CUST1949,No,0,N/A
CUST1950,No,2,N/A
CUST1951,No,0,N/A
CUST1952,No,0,N/A
CUST1953,No,0,N/A
CUST1954,No,1,N/A
CUST1955,No,2,N/A
CUST1956,Yes,2,Poor Service
CUST1957,No,0,N/A
CUST1958,No,0,N/A
CUST1959,No,1,N/A
CUST1960,No,2,N/A
CUST1961,No,2,N/A
CUST1962,No,0,N/A
CUST1963,No,1,N/A
CUST1964,No,1,N/A
CUST1965,No,0,N/A
CUST1966,No,0,N/A
CUST1967,No,0,N/A
CUST1968,No,0,N/A
CUST1969,No,0,N/A
CUST1970,Yes,3,Price
CUST1971,No,1,N/A
CUST1972,No,0,N/A
CUST1973,Yes,2,Competitor Offer
CUST1974,No,2,N/A
CUST1975,No,1,N/A
CUST1976,No,1,N/A
CUST1977,No,0,N/A
CUST1978,No,1,N/A
CUST1979,Yes,4,No Reason Given
CUST1980,Yes,4,No Reason Given
CUST1981,No,2,N/A
CUST1982,No,1,N/A
CUST1983,No,0,N/A
CUST1984,No,1,N/A
CUST1985,No,1,N/A
CUST1986,No,2,N/A
CUST1987,Yes,7,Poor Service
CUST1988,No,2,N/A
CUST1989,No,2,N/A
CUST1990,Yes,7,No Reason Given
CUST1991,Yes,4,No Reason Given
CUST1992,No,0,N/A
CUST1993,Yes,5,Competitor Offer
CUST1994,Yes,3,Price
CUST1995,No,2,N/A
CUST1996,No,0,N/A
CUST1997,Yes,5,No Reason Given
CUST1998,No,0,N/A
CUST1999,Yes,5,Poor Service
CUST2000,Yes,5,No Reason Given
CUST2001,Yes,5,Competitor Offer
CUST2002,No,1,N/A
CUST2003,No,1,N/A
CUST2004,No,0,N/A
CUST2005,Yes,6,Price
CUST2006,No,0,N/A
CUST2007,No,1,N/A
CUST2008,No,0,N/A
CUST2009,No,2,N/A
CUST2010,No,0,N/A
CUST2011,Yes,5,Price
CUST2012,No,2,N/A
CUST2013,No,2,N/A
CUST2014,No,0,N/A
CUST2015,Yes,5,Moved
CUST2016,Yes,7,Competitor Offer
CUST2017,Yes,7,Competitor Offer
CUST2018,No,2,N/A
CUST2019,No,0,N/A
CUST2020,No,1,N/A
CUST2021,No,2,N/A
CUST2022,No,0,N/A
CUST2023,No,1,N/A
CUST2024,No,0,N/A
CUST2025,No,2,N/A
CUST2026,No,2,N/A
CUST2027,No,0,N/A
CUST2028,No,1,N/A
CUST2029,No,2,N/A
CUST2030,No,0,N/A
CUST2031,No,0,N/A
CUST2032,Yes,3,Poor Service
CUST2033,Yes,2,No Reason Given
CUST2034,No,2,N/A
CUST2035,Yes,6,Competitor Offer
CUST2036,No,1,N/A
CUST2037,No,2,N/A
CUST2038,No,0,N/A
CUST2039,No,2,N/A
CUST2040,No,2,N/A
CUST2041,No,1,N/A
CUST2042,Yes,6,Moved
CUST2043,Yes,5,Poor Service
CUST2044,No,1,N/A
CUST2045,No,0,N/A
CUST2046,No,0,N/A
CUST2047,No,0,N/A
CUST2048,No,2,N/A
CUST2049,Yes,2,Poor Service
CUST2050,No,1,N/A
CUST2051,No,0,N/A
CUST2052,No,1,N/A
CUST2053,Yes,2,Moved
CUST2054,No,1,N/A
CUST2055,No,2,N/A
CUST2056,No,1,N/A
CUST2057,No,0,N/A
CUST2058,Yes,4,No Reason Given
CUST2059,No,1,N/A
CUST2060,Yes,4,Poor Service
CUST2061,No,0,N/A
CUST2062,No,0,N/A
CUST2063,Yes,4,Poor Service
CUST2064,No,0,N/A
CUST2065,No,1,N/A
CUST2066,No,0,N/A
CUST2067,No,0,N/A
CUST2068,No,0,N/A
CUST2069,No,1,N/A
CUST2070,No,1,N/A
CUST2071,Yes,4,Price
CUST2072,No,1,N/A
CUST2073,No,0,N/A
CUST2074,No,2,N/A
CUST2075,No,1,N/A
CUST2076,No,0,N/A
CUST2077,Yes,6,Poor Service
CUST2078,Yes,3,Poor Service
CUST2079,No,1,N/A
CUST2080,Yes,4,No Reason Given
CUST2081,No,1,N/A
CUST2082,No,1,N/A
CUST2083,Yes,5,Poor Service
CUST2084,No,2,N/A
CUST2085,Yes,4,Poor Service
CUST2086,No,2,N/A
CUST2087,No,2,N/A
CUST2088,No,1,N/A
CUST2089,No,0,N/A
CUST2090,No,0,N/A
CUST2091,No,0,N/A
CUST2092,Yes,4,Price
CUST2093,Yes,4,Moved
CUST2094,No,2,N/A
CUST2095,No,1,N/A
CUST2096,Yes,2,Competitor Offer
CUST2097,No,0,N/A
CUST2098,Yes,2,Competitor Offer
CUST2099,No,1,N/A
CUST2100,Yes,7,Poor Service
CUST2101,Yes,3,No Reason Given
CUST2102,No,2,N/A
CUST2103,No,2,N/A
CUST2104,No,2,N/A
CUST2105,No,2,N/A
CUST2106,No,2,N/A
CUST2107,Yes,7,Price
CUST2108,No,1,N/A
CUST2109,No,0,N/A
CUST2110,Yes,3,Moved
CUST2111,No,1,N/A
CUST2112,Yes,2,Poor Service
CUST2113,No,1,N/A
CUST2114,No,0,N/A
CUST2115,No,1,N/A
CUST2116,No,1,N/A
CUST2117,No,0,N/A
CUST2118,No,1,N/A
CUST2119,No,0,N/A
CUST2120,No,2,N/A
CUST2121,Yes,4,Price
CUST2122,Yes,3,No Reason Given
CUST2123,No,1,N/A
CUST2124,No,1,N/A
CUST2125,No,1,N/A
CUST2126,No,2,N/A
CUST2127,Yes,4,Price
CUST2128,Yes,7,Poor Service
CUST2129,Yes,5,No Reason Given
CUST2130,No,0,N/A
CUST2131,No,2,N/A
CUST2132,No,0,N/A
CUST2133,No,1,N/A
CUST2134,Yes,6,Competitor Offer
CUST2135,Yes,4,Moved
CUST2136,Yes,2,Competitor Offer
CUST2137,No,1,N/A
CUST2138,No,0,N/A
CUST2139,Yes,3,No Reason Given
CUST2140,No,2,N/A
CUST2141,No,2,N/A
CUST2142,No,0,N/A
CUST2143,Yes,5,No Reason Given
CUST2144,No,2,N/A
CUST2145,No,1,N/A
CUST2146,No,2,N/A
CUST2147,Yes,2,No Reason Given
CUST2148,No,0,N/A
CUST2149,No,2,N/A
CUST2150,No,2,N/A
CUST2151,No,0,N/A
CUST2152,No,1,N/A
CUST2153,Yes,2,Price
CUST2154,No,1,N/A
CUST2155,No,0,N/A
CUST2156,Yes,2,Price
CUST2157,No,1,N/A
CUST2158,No,2,N/A
CUST2159,Yes,3,Moved
CUST2160,Yes,7,Competitor Offer
CUST2161,No,1,N/A
CUST2162,No,2,N/A
CUST2163,Yes,5,Competitor Offer
CUST2164,No,0,N/A
CUST2165,No,2,N/A
CUST2166,No,2,N/A
CUST2167,No,1,N/A
CUST2168,No,1,N/A
CUST2169,No,1,N/A
CUST2170,No,1,N/A
CUST2171,No,2,N/A
CUST2172,Yes,5,Poor Service
CUST2173,Yes,7,Moved
CUST2174,No,2,N/A
CUST2175,No,0,N/A
CUST2176,No,2,N/A
CUST2177,No,0,N/A
CUST2178,No,0,N/A
CUST2179,No,0,N/A
CUST2180,No,1,N/A
CUST2181,No,2,N/A
CUST2182,No,0,N/A
CUST2183,Yes,3,Competitor Offer
CUST2184,No,2,N/A
CUST2185,Yes,7,No Reason Given
CUST2186,Yes,7,Moved
CUST2187,Yes,6,Poor Service
CUST2188,No,1,N/A
CUST2189,No,1,N/A
CUST2190,No,1,N/A
CUST2191,No,2,N/A
CUST2192,No,1,N/A
CUST2193,No,1,N/A
CUST2194,No,2,N/A
CUST2195,No,0,N/A
CUST2196,Yes,6,No Reason Given
CUST2197,No,1,N/A
CUST2198,Yes,2,Moved
CUST2199,Yes,7,Competitor Offer
CUST2200,No,2,N/A
CUST2201,Yes,4,Price
CUST2202,No,1,N/A
CUST2203,No,0,N/A
CUST2204,No,2,N/A
CUST2205,No,0,N/A
CUST2206,No,2,N/A
CUST2207,No,1,N/A
CUST2208,Yes,5,Poor Service
CUST2209,Yes,2,Competitor Offer
CUST2210,Yes,5,Price
CUST2211,Yes,2,Poor Service
CUST2212,Yes,4,Competitor Offer
CUST2213,No,2,N/A
CUST2214,No,1,N/A
CUST2215,No,1,N/A
CUST2216,No,0,N/A
CUST2217,No,0,N/A
CUST2218,No,1,N/A
CUST2219,Yes,7,Competitor Offer
CUST2220,No,2,N/A
CUST2221,Yes,7,Moved
CUST2222,Yes,7,Poor Service
CUST2223,No,0,N/A
CUST2224,No,2,N/A
CUST2225,No,2,N/A
CUST2226,No,0,N/A
CUST2227,Yes,7,Moved
CUST2228,Yes,7,Poor Service
CUST2229,No,1,N/A
CUST2230,Yes,2,Moved
CUST2231,Yes,2,Moved
CUST2232,No,1,N/A
CUST2233,No,1,N/A
CUST2234,Yes,6,Moved
CUST2235,No,0,N/A
CUST2236,Yes,4,Price
CUST2237,No,0,N/A
CUST2238,No,0,N/A
CUST2239,Yes,2,No Reason Given
CUST2240,Yes,2,Poor Service
CUST2241,Yes,3,Poor Service
CUST2242,No,2,N/A
CUST2243,Yes,3,No Reason Given
CUST2244,No,1,N/A
CUST2245,No,1,N/A
CUST2246,No,0,N/A
CUST2247,No,0,N/A
CUST2248,No,1,N/A
CUST2249,No,0,N/A
CUST2250,Yes,2,Moved
CUST2251,Yes,3,No Reason Given
CUST2252,Yes,2,Competitor Offer
CUST2253,No,1,N/A
CUST2254,No,1,N/A
CUST2255,No,1,N/A
CUST2256,Yes,2,Moved
CUST2257,No,0,N/A
CUST2258,No,2,N/A
CUST2259,No,2,N/A
CUST2260,No,1,N/A
CUST2261,Yes,4,Poor Service
CUST2262,No,2,N/A
CUST2263,Yes,2,Price
CUST2264,No,1,N/A
CUST2265,No,1,N/A
CUST2266,No,2,N/A
CUST2267,No,0,N/A
CUST2268,No,2,N/A
CUST2269,No,2,N/A
CUST2270,Yes,7,Price
CUST2271,Yes,2,Poor Service
CUST2272,No,2,N/A
CUST2273,Yes,7,Moved
CUST2274,No,0,N/A
CUST2275,No,2,N/A
CUST2276,No,1,N/A
CUST2277,Yes,2,Competitor Offer
CUST2278,Yes,5,Competitor Offer
CUST2279,No,1,N/A
CUST2280,No,1,N/A
CUST2281,Yes,3,Competitor Offer
CUST2282,No,1,N/A
CUST2283,No,1,N/A
CUST2284,No,2,N/A
CUST2285,No,0,N/A
CUST2286,No,2,N/A
CUST2287,No,0,N/A
CUST2288,No,2,N/A
CUST2289,No,0,N/A
CUST2290,No,2,N/A
CUST2291,No,1,N/A
CUST2292,Yes,4,Price
CUST2293,No,2,N/A
CUST2294,No,1,N/A
CUST2295,No,2,N/A
CUST2296,No,0,N/A
CUST2297,No,2,N/A
CUST2298,No,2,N/A
CUST2299,No,1,N/A
CUST2300,No,1,N/A
CUST2301,No,1,N/A
CUST2302,No,0,N/A
CUST2303,No,1,N/A
CUST2304,No,0,N/A
CUST2305,No,1,N/A
CUST2306,Yes,3,Competitor Offer
CUST2307,No,1,N/A
CUST2308,No,1,N/A
CUST2309,No,0,N/A
CUST2310,Yes,6,Poor Service
CUST2311,No,0,N/A
CUST2312,No,1,N/A
CUST2313,No,1,N/A
CUST2314,No,1,N/A
CUST2315,Yes,7,No Reason Given
CUST2316,No,2,N/A
CUST2317,Yes,6,Poor Service
CUST2318,Yes,2,Moved
CUST2319,No,0,N/A
CUST2320,No,2,N/A
CUST2321,Yes,7,Poor Service
CUST2322,No,0,N/A
CUST2323,No,1,N/A
CUST2324,No,1,N/A
CUST2325,No,0,N/A
CUST2326,Yes,2,Competitor Offer
CUST2327,Yes,5,Competitor Offer
CUST2328,No,0,N/A
CUST2329,No,2,N/A
CUST2330,No,1,N/A
CUST2331,Yes,4,No Reason Given
CUST2332,Yes,4,Moved
CUST2333,No,1,N/A
CUST2334,Yes,3,Price
CUST2335,Yes,2,Competitor Offer
CUST2336,No,2,N/A
CUST2337,Yes,2,Competitor Offer
CUST2338,No,1,N/A
CUST2339,No,1,N/A
CUST2340,Yes,7,Price
CUST2341,No,1,N/A
CUST2342,Yes,4,Price
CUST2343,No,2,N/A
CUST2344,No,0,N/A
CUST2345,Yes,2,Poor Service
CUST2346,No,1,N/A
CUST2347,No,0,N/A
CUST2348,Yes,4,Moved
CUST2349,No,1,N/A
CUST2350,Yes,6,No Reason Given
CUST2351,Yes,2,Poor Service
CUST2352,No,0,N/A
CUST2353,No,0,N/A
CUST2354,Yes,5,Price
CUST2355,No,0,N/A
CUST2356,No,2,N/A
CUST2357,No,0,N/A
CUST2358,No,2,N/A
CUST2359,No,0,N/A
CUST2360,Yes,2,No Reason Given
CUST2361,No,1,N/A
CUST2362,No,1,N/A
CUST2363,No,1,N/A
CUST2364,Yes,6,Moved
CUST2365,Yes,5,Poor Service
CUST2366,No,0,N/A
CUST2367,No,2,N/A
CUST2368,Yes,2,No Reason Given
CUST2369,No,2,N/A
CUST2370,Yes,2,Price
CUST2371,No,0,N/A
CUST2372,Yes,5,Competitor Offer
CUST2373,No,1,N/A
CUST2374,Yes,2,No Reason Given
CUST2375,No,1,N/A
CUST2376,Yes,5,Moved
CUST2377,No,0,N/A
CUST2378,No,2,N/A
CUST2379,No,0,N/A
CUST2380,No,2,N/A
CUST2381,No,2,N/A
CUST2382,No,1,N/A
CUST2383,No,1,N/A
CUST2384,No,1,N/A
CUST2385,No,0,N/A
CUST2386,No,2,N/A
CUST2387,Yes,3,Price
CUST2388,No,0,N/A
CUST2389,Yes,4,Competitor Offer
CUST2390,No,0,N/A
CUST2391,No,2,N/A
CUST2392,No,2,N/A
CUST2393,No,2,N/A
CUST2394,No,0,N/A
CUST2395,No,2,N/A
CUST2396,No,0,N/A
CUST2397,No,0,N/A
CUST2398,Yes,3,Competitor Offer
CUST2399,No,2,N/A
CUST2400,Yes,4,Price
CUST2401,Yes,6,Competitor Offer
CUST2402,Yes,5,No Reason Given
CUST2403,No,2,N/A
CUST2404,No,0,N/A
CUST2405,No,2,N/A
CUST2406,No,0,N/A
CUST2407,Yes,7,No Reason Given
CUST2408,No,2,N/A
CUST2409,No,2,N/A
CUST2410,No,0,N/A
CUST2411,Yes,2,No Reason Given
CUST2412,No,0,N/A
CUST2413,No,1,N/A
CUST2414,No,2,N/A
CUST2415,No,0,N/A
CUST2416,Yes,4,Competitor Offer
CUST2417,No,1,N/A
CUST2418,No,0,N/A
CUST2419,No,2,N/A
CUST2420,No,0,N/A
CUST2421,No,0,N/A
CUST2422,No,0,N/A
CUST2423,No,1,N/A
CUST2424,No,1,N/A
CUST2425,Yes,6,Competitor Offer
CUST2426,No,1,N/A
CUST2427,Yes,5,Poor Service
CUST2428,No,1,N/A
CUST2429,No,2,N/A
CUST2430,Yes,3,Poor Service
CUST2431,No,0,N/A
CUST2432,No,1,N/A
CUST2433,No,1,N/A
CUST2434,Yes,4,Competitor Offer
CUST2435,Yes,6,Poor Service
CUST2436,No,2,N/A
CUST2437,Yes,3,Moved
CUST2438,No,0,N/A
CUST2439,Yes,3,Poor Service
CUST2440,No,0,N/A
CUST2441,Yes,7,No Reason Given
CUST2442,No,0,N/A
CUST2443,No,1,N/A
CUST2444,No,0,N/A
CUST2445,No,2,N/A
CUST2446,No,1,N/A
CUST2447,No,2,N/A
CUST2448,No,0,N/A
CUST2449,No,0,N/A
CUST2450,Yes,2,Moved
CUST2451,No,0,N/A
CUST2452,No,1,N/A
CUST2453,No,0,N/A
CUST2454,No,1,N/A
CUST2455,Yes,5,Poor Service
CUST2456,No,1,N/A
CUST2457,Yes,2,Poor Service
CUST2458,No,0,N/A
CUST2459,Yes,2,Poor Service
CUST2460,No,0,N/A
CUST2461,No,0,N/A
CUST2462,No,0,N/A
CUST2463,No,1,N/A
CUST2464,Yes,7,Moved
CUST2465,No,0,N/A
CUST2466,No,2,N/A
CUST2467,No,1,N/A
CUST2468,No,2,N/A
CUST2469,No,2,N/A
CUST2470,No,2,N/A
CUST2471,Yes,4,Competitor Offer
CUST2472,No,2,N/A
CUST2473,No,1,N/A
CUST2474,Yes,3,No Reason Given
CUST2475,Yes,6,No Reason Given
CUST2476,No,1,N/A
CUST2477,No,1,N/A
CUST2478,Yes,4,Competitor Offer
CUST2479,No,1,N/A
CUST2480,No,0,N/A
CUST2481,No,2,N/A
CUST2482,No,1,N/A
CUST2483,No,1,N/A
CUST2484,No,1,N/A
CUST2485,No,2,N/A
CUST2486,Yes,4,Competitor Offer
CUST2487,No,0,N/A
CUST2488,No,1,N/A
CUST2489,No,1,N/A
CUST2490,Yes,3,Price
CUST2491,Yes,6,Competitor Offer
CUST2492,No,0,N/A
CUST2493,Yes,5,Competitor Offer
CUST2494,No,1,N/A
CUST2495,No,1,N/A
CUST2496,No,1,N/A
CUST2497,No,2,N/A
CUST2498,Yes,5,No Reason Given
CUST2499,No,0,N/A
CUST2500,No,1,N/A
